{"cameraMode":{"drawMode":0,"name":"Shaded","section":"Shading Mode"},"sceneLighting":false,"audioPlay":false,"sceneViewState":{"showFog":false,"showMaterialUpdate":false,"showSkybox":false,"showFlares":false,"showImageEffects":false,"showParticleSystems":false},"in2DMode":false,"pivot":{"x":14.047750473022461,"y":1.912736415863037,"z":-22.092071533203126},"rotation":{"x":0.0010515189496800304,"y":0.9880794286727905,"z":-0.006829061079770327,"w":0.15388630330562592},"size":5.198648452758789,"orthographic":false}