{"cameraMode":{"drawMode":0,"name":"Shaded","section":"Shading Mode"},"sceneLighting":true,"audioPlay":false,"sceneViewState":{"showFog":false,"showMaterialUpdate":false,"showSkybox":false,"showFlares":false,"showImageEffects":false,"showParticleSystems":false},"in2DMode":false,"pivot":{"x":26.7086238861084,"y":-5.665167808532715,"z":-4.486382484436035},"rotation":{"x":0.009649654850363732,"y":0.9808433651924133,"z":-0.1879335343837738,"w":0.05036234110593796},"size":12.729822158813477,"orthographic":false}