{"cameraMode":{"drawMode":0,"name":"Shaded","section":"Shading Mode"},"sceneLighting":true,"audioPlay":false,"sceneViewState":{"showFog":true,"showMaterialUpdate":true,"showSkybox":false,"showFlares":true,"showImageEffects":true,"showParticleSystems":true},"in2DMode":false,"pivot":{"x":28.345672607421876,"y":4.786755561828613,"z":0.9740867614746094},"rotation":{"x":-0.04754228889942169,"y":-0.9516105055809021,"z":0.1930096447467804,"w":-0.2343979924917221},"size":11.19354248046875,"orthographic":false}